{"cameraMode":{"drawMode":0,"name":"Shaded","section":"Shading Mode"},"sceneLighting":true,"audioPlay":false,"sceneViewState":{"showFog":true,"showMaterialUpdate":false,"showSkybox":true,"showFlares":true,"showImageEffects":true,"showParticleSystems":true},"in2DMode":false,"pivot":{"x":1.1167906522750855,"y":-1.594927191734314,"z":0.7726582288742065},"rotation":{"x":-0.4500238597393036,"y":-0.044443279504776,"z":0.022426769137382509,"w":-0.8916447758674622},"size":6.468334674835205,"orthographic":false}