{"cameraMode":{"drawMode":0,"name":"Shaded","section":"Shading Mode"},"sceneLighting":false,"audioPlay":false,"sceneViewState":{"showFog":true,"showMaterialUpdate":false,"showSkybox":false,"showFlares":true,"showImageEffects":true,"showParticleSystems":true},"in2DMode":false,"pivot":{"x":20.656282424926759,"y":-11.02639389038086,"z":2.5397815704345705},"rotation":{"x":0.12972049415111543,"y":0.6285858154296875,"z":-0.10738987475633621,"w":0.7592955827713013},"size":25.203218460083009,"orthographic":false}