{"cameraMode":{"drawMode":0,"name":"Shaded","section":"Shading Mode"},"sceneLighting":false,"audioPlay":false,"sceneViewState":{"showFog":true,"showMaterialUpdate":false,"showSkybox":false,"showFlares":true,"showImageEffects":true,"showParticleSystems":true},"in2DMode":false,"pivot":{"x":1.047072172164917,"y":1.8536105155944825,"z":-2.265345811843872},"rotation":{"x":-0.0755777508020401,"y":-0.08247184008359909,"z":0.006274995859712362,"w":-0.9937122464179993},"size":9.329699516296387,"orthographic":false}