{"cameraMode":{"drawMode":0,"name":"Shaded","section":"Shading Mode"},"sceneLighting":false,"audioPlay":false,"sceneViewState":{"showFog":true,"showMaterialUpdate":false,"showSkybox":false,"showFlares":true,"showImageEffects":true,"showParticleSystems":true},"in2DMode":false,"pivot":{"x":0.0,"y":0.10110801458358765,"z":-0.5861440896987915},"rotation":{"x":0.013153741136193276,"y":0.07402380555868149,"z":0.0009769122116267682,"w":-0.9971713423728943},"size":8.90539836883545,"orthographic":false}