{"cameraMode":{"drawMode":0,"name":"Shaded","section":"Shading Mode"},"sceneLighting":true,"audioPlay":false,"sceneViewState":{"showFog":true,"showMaterialUpdate":false,"showSkybox":true,"showFlares":true,"showImageEffects":true,"showParticleSystems":true},"in2DMode":false,"pivot":{"x":25.511423110961915,"y":102.32382202148438,"z":-149.96466064453126},"rotation":{"x":-0.257872074842453,"y":0.05850452929735184,"z":-0.01564549095928669,"w":-0.9642806053161621},"size":10.0,"orthographic":false}