{"cameraMode":{"drawMode":0,"name":"Shaded","section":"Shading Mode"},"sceneLighting":false,"audioPlay":false,"sceneViewState":{"showFog":true,"showMaterialUpdate":false,"showSkybox":false,"showFlares":true,"showImageEffects":true,"showParticleSystems":true},"in2DMode":false,"pivot":{"x":43.0153923034668,"y":-51.15251922607422,"z":27.556013107299806},"rotation":{"x":-0.334014356136322,"y":-0.44186657667160036,"z":0.1816714107990265,"w":-0.8125962018966675},"size":39.399757385253909,"orthographic":false}