{"cameraMode":{"drawMode":0,"name":"Shaded","section":"Shading Mode"},"sceneLighting":false,"audioPlay":false,"sceneViewState":{"showFog":true,"showMaterialUpdate":false,"showSkybox":false,"showFlares":true,"showImageEffects":true,"showParticleSystems":true},"in2DMode":false,"pivot":{"x":-5.630551815032959,"y":-4.09270715713501,"z":14.895421028137207},"rotation":{"x":0.19099947810173036,"y":0.13733725249767304,"z":-0.0270066000521183,"w":0.9715865850448608},"size":21.134445190429689,"orthographic":false}